{
   "name": "gilead",
   "type": "directory",
   "level": 4,
   "nodeList": [
      {
         "name": "gilead/GHm",
         "type": "directory",
         "level": 3,
         "nodeList": [
            {
               "name": "gilead/GHm/dev",
               "type": "directory",
               "level": 2,
               "nodeList": [
                  {
                     "name": "gilead/GHm/dev/app",
                     "type": "directory",
                     "level": 1,
                     "nodeList": [
                        {
                           "name": "gilead/GHm/dev/app/config",
                           "type": "directory",
                           "level": 0,
                           "nodeList": null
                        },
                        {
                           "name": "gilead/GHm/dev/app/modules",
                           "type": "directory",
                           "level": 0,
                           "nodeList": null
                        },
                        {
                           "name": "gilead/GHm/dev/app/routes",
                           "type": "directory",
                           "level": 0,
                           "nodeList": null
                        },
                        {
                           "name": "gilead/GHm/dev/app/support",
                           "type": "directory",
                           "level": 0,
                           "nodeList": null
                        },
                        {
                           "name": "gilead/GHm/dev/app/utility",
                           "type": "directory",
                           "level": 0,
                           "nodeList": null
                        }
                     ]
                  },
                  {
                     "name": "gilead/GHm/dev/buz",
                     "type": "directory",
                     "level": 1,
                     "nodeList": [
                        {
                           "name": "gilead/GHm/dev/buz/svp",
                           "type": "directory",
                           "level": 0,
                           "nodeList": null
                        },
                        {
                           "name": "gilead/GHm/dev/buz/layout",
                           "type": "directory",
                           "level": 0,
                           "nodeList": null
                        },
                        {
                           "name": "gilead/GHm/dev/buz/lib",
                           "type": "directory",
                           "level": 0,
                           "nodeList": null
                        },
                        {
                           "name": "gilead/GHm/dev/buz/modules",
                           "type": "directory",
                           "level": 0,
                           "nodeList": null
                        }
                     ]
                  },
                  {
                     "name": "gilead/GHm/dev/data",
                     "type": "directory",
                     "level": 0,
                     "nodeList": null
                  },
                  {
                     "name": "gilead/GHm/dev/controller",
                     "type": "directory",
                     "level": 1,
                     "nodeList": [
                        {
                           "name": "gilead/GHm/dev/controller/bootstrap",
                           "type": "directory",
                           "level": 0,
                           "nodeList": null
                        },
                        {
                           "name": "gilead/GHm/dev/controller/cache",
                           "type": "directory",
                           "level": 0,
                           "nodeList": null
                        },
                        {
                           "name": "gilead/GHm/dev/controller/svp",
                           "type": "directory",
                           "level": 0,
                           "nodeList": null
                        },
                        {
                           "name": "gilead/GHm/dev/controller/contract",
                           "type": "directory",
                           "level": 0,
                           "nodeList": null
                        },
                        {
                           "name": "gilead/GHm/dev/controller/service",
                           "type": "directory",
                           "level": 0,
                           "nodeList": null
                        }
                     ]
                  },
                  {
                     "name": "gilead/GHm/dev/public",
                     "type": "directory",
                     "level": 1,
                     "nodeList": [
                        {
                           "name": "gilead/GHm/dev/public/asset",
                           "type": "directory",
                           "level": 0,
                           "nodeList": null
                        },
                        {
                           "name": "gilead/GHm/dev/public/image",
                           "type": "directory",
                           "level": 0,
                           "nodeList": null
                        }
                     ]
                  },
                  {
                     "name": "gilead/GHm/dev/resources",
                     "type": "directory",
                     "level": 1,
                     "nodeList": [
                        {
                           "name": "gilead/GHm/dev/resources/lang",
                           "type": "directory",
                           "level": 0,
                           "nodeList": null
                        },
                        {
                           "name": "gilead/GHm/dev/resources/view",
                           "type": "directory",
                           "level": 0,
                           "nodeList": null
                        }
                     ]
                  }
               ]
            }
         ]
      }
   ]
}