<?xml version="1.0" encoding="utf-8"?>
<edmx:Edmx Version="1.0" xmlns:edmx="http://schemas.microsoft.com/ado/2007/06/edmx" xmlns:m="http://schemas.microsoft.com/ado/2007/08/dataservices/metadata" xmlns:sap="http://www.sap.com/Protocols/SAPData">
 <edmx:DataServices m:DataServiceVersion="2.0">
  <Schema Namespace="ZEDM_GW_COMMON_API_SRV" xml:lang="en" sap:schema-version="1" xmlns="http://schemas.microsoft.com/ado/2008/09/edm">
   <EntityType Name="EMPDATA" sap:content-version="1">
    <Key>
     <PropertyRef Name="VENID"/>
    </Key>
    <Property Name="VENID" Type="Edm.String" Nullable="false" sap:unicode="false" sap:sortable="false"/>
    <Property Name="VENTK" Type="Edm.String" Nullable="false" sap:unicode="false" sap:sortable="false"/>
    <Property Name="COUNT" Type="Edm.String" Nullable="false" sap:unicode="false" sap:creatable="false" sap:sortable="false"/>
   </EntityType>
   <EntityType Name="EMPDATAOUTPUT" sap:content-version="1">
    <Key>
     <PropertyRef Name="VENID"/>
     <PropertyRef Name="VENTK"/>
    </Key>
    <Property Name="VENID" Type="Edm.String" Nullable="false" sap:unicode="false" sap:label="Vendor ID" sap:creatable="false" sap:updatable="false" sap:sortable="false" sap:filterable="false"/>
    <Property Name="VENTK" Type="Edm.String" Nullable="false" sap:unicode="false" sap:label="Vendor Token" sap:creatable="false" sap:updatable="false" sap:sortable="false"/>
    <Property Name="Pernr" Type="Edm.String" MaxLength="8" sap:unicode="false" sap:label="Personnel No." sap:creatable="false" sap:updatable="false" sap:sortable="false"/>
    <Property Name="Massn" Type="Edm.String" MaxLength="2" sap:unicode="false" sap:label="Action Type" sap:creatable="false" sap:updatable="false" sap:sortable="false" sap:filterable="false"/>
    <Property Name="Mntxt" Type="Edm.String" MaxLength="30" sap:unicode="false" sap:label="Action Type" sap:creatable="false" sap:updatable="false" sap:sortable="false" sap:filterable="false"/>
    <Property Name="Massg" Type="Edm.String" MaxLength="2" sap:unicode="false" sap:label="Reason f.Action" sap:creatable="false" sap:updatable="false" sap:sortable="false" sap:filterable="false"/>
    <Property Name="Mgtxt" Type="Edm.String" MaxLength="30" sap:unicode="false" sap:label="Reason for action" sap:creatable="false" sap:updatable="false" sap:sortable="false" sap:filterable="false"/>
    <Property Name="Stat1" Type="Edm.String" MaxLength="1" sap:unicode="false" sap:label="Customer-specific" sap:creatable="false" sap:updatable="false" sap:sortable="false" sap:filterable="false"/>
    <Property Name="Stat1t" Type="Edm.String" MaxLength="40" sap:unicode="false" sap:label="Text, 40 Characters Long" sap:creatable="false" sap:updatable="false" sap:sortable="false" sap:filterable="false"/>
    <Property Name="Stat2" Type="Edm.String" MaxLength="1" sap:unicode="false" sap:label="Employment" sap:creatable="false" sap:updatable="false" sap:sortable="false" sap:filterable="false"/>
    <Property Name="Stat2t" Type="Edm.String" MaxLength="40" sap:unicode="false" sap:label="Text, 40 Characters Long" sap:creatable="false" sap:updatable="false" sap:sortable="false" sap:filterable="false"/>
    <Property Name="Bukrs" Type="Edm.String" MaxLength="4" sap:unicode="false" sap:label="Company Code" sap:creatable="false" sap:updatable="false" sap:sortable="false" sap:filterable="false"/>
    <Property Name="Butxt" Type="Edm.String" MaxLength="25" sap:unicode="false" sap:label="Company Name" sap:creatable="false" sap:updatable="false" sap:sortable="false" sap:filterable="false"/>
    <Property Name="Werks" Type="Edm.String" MaxLength="4" sap:unicode="false" sap:label="Personnel area" sap:creatable="false" sap:updatable="false" sap:sortable="false" sap:filterable="false"/>
    <Property Name="Stncd" Type="Edm.String" MaxLength="3" sap:unicode="false" sap:label="Station Code" sap:creatable="false" sap:updatable="false" sap:sortable="false" sap:filterable="false"/>
    <Property Name="Stntx" Type="Edm.String" MaxLength="30" sap:unicode="false" sap:label="Station Text" sap:creatable="false" sap:updatable="false" sap:sortable="false" sap:filterable="false"/>
    <Property Name="Regio" Type="Edm.String" MaxLength="3" sap:unicode="false" sap:label="Region" sap:creatable="false" sap:updatable="false" sap:sortable="false" sap:filterable="false"/>
    <Property Name="Wstat" Type="Edm.String" MaxLength="40" sap:unicode="false" sap:label="Work State" sap:creatable="false" sap:updatable="false" sap:sortable="false" sap:filterable="false"/>
    <Property Name="WCty" Type="Edm.String" MaxLength="40" sap:unicode="false" sap:label="Work Country" sap:creatable="false" sap:updatable="false" sap:sortable="false" sap:filterable="false"/>
    <Property Name="Pbtxt" Type="Edm.String" MaxLength="30" sap:unicode="false" sap:label="PA text" sap:creatable="false" sap:updatable="false" sap:sortable="false" sap:filterable="false"/>
    <Property Name="Btrtl" Type="Edm.String" MaxLength="4" sap:unicode="false" sap:label="Pers. subarea" sap:creatable="false" sap:updatable="false" sap:sortable="false" sap:filterable="false"/>
    <Property Name="Btrtx" Type="Edm.String" MaxLength="15" sap:unicode="false" sap:label="PS text" sap:creatable="false" sap:updatable="false" sap:sortable="false" sap:filterable="false"/>
    <Property Name="Otext" Type="Edm.String" MaxLength="40" sap:unicode="false" sap:label="Department Text" sap:creatable="false" sap:updatable="false" sap:sortable="false" sap:filterable="false"/>
    <Property Name="Kostl" Type="Edm.String" MaxLength="10" sap:unicode="false" sap:label="Cost Center" sap:creatable="false" sap:updatable="false" sap:sortable="false" sap:filterable="false"/>
    <Property Name="Kltxt" Type="Edm.String" MaxLength="40" sap:unicode="false" sap:label="Description" sap:creatable="false" sap:updatable="false" sap:sortable="false" sap:filterable="false"/>
    <Property Name="Persg" Type="Edm.String" MaxLength="1" sap:unicode="false" sap:label="EE group" sap:creatable="false" sap:updatable="false" sap:sortable="false" sap:filterable="false"/>
    <Property Name="Pgtxt" Type="Edm.String" MaxLength="20" sap:unicode="false" sap:label="Name of EE grp" sap:creatable="false" sap:updatable="false" sap:sortable="false" sap:filterable="false"/>
    <Property Name="Persk" Type="Edm.String" MaxLength="2" sap:unicode="false" sap:label="EE subgroup" sap:creatable="false" sap:updatable="false" sap:sortable="false" sap:filterable="false"/>
    <Property Name="Pktxt" Type="Edm.String" MaxLength="20" sap:unicode="false" sap:label="Name of EE SG" sap:creatable="false" sap:updatable="false" sap:sortable="false" sap:filterable="false"/>
    <Property Name="Abkrs" Type="Edm.String" MaxLength="2" sap:unicode="false" sap:label="Payroll area" sap:creatable="false" sap:updatable="false" sap:sortable="false" sap:filterable="false"/>
    <Property Name="Abktx" Type="Edm.String" MaxLength="20" sap:unicode="false" sap:label="Payr.area text" sap:creatable="false" sap:updatable="false" sap:sortable="false" sap:filterable="false"/>
    <Property Name="Plans" Type="Edm.String" MaxLength="8" sap:unicode="false" sap:label="Position" sap:creatable="false" sap:updatable="false" sap:sortable="false" sap:filterable="false"/>
    <Property Name="Pltxt" Type="Edm.String" MaxLength="80" sap:unicode="false" sap:label="Position Text" sap:creatable="false" sap:updatable="false" sap:sortable="false" sap:filterable="false"/>
    <Property Name="Stell" Type="Edm.String" MaxLength="8" sap:unicode="false" sap:label="Job" sap:creatable="false" sap:updatable="false" sap:sortable="false" sap:filterable="false"/>
    <Property Name="Sttxt" Type="Edm.String" MaxLength="40" sap:unicode="false" sap:label="Job Desc" sap:creatable="false" sap:updatable="false" sap:sortable="false" sap:filterable="false"/>
    <Property Name="Orgeh" Type="Edm.String" MaxLength="8" sap:unicode="false" sap:label="Org. Unit" sap:creatable="false" sap:updatable="false" sap:sortable="false" sap:filterable="false"/>
    <Property Name="Ortxt" Type="Edm.String" MaxLength="40" sap:unicode="false" sap:label="Organization" sap:creatable="false" sap:updatable="false" sap:sortable="false" sap:filterable="false"/>
    <Property Name="Bunit" Type="Edm.String" MaxLength="3" sap:unicode="false" sap:label="Business Unit" sap:creatable="false" sap:updatable="false" sap:sortable="false" sap:filterable="false"/>
    <Property Name="Zbutxt" Type="Edm.String" MaxLength="40" sap:unicode="false" sap:label="Business Unit Txt" sap:creatable="false" sap:updatable="false" sap:sortable="false" sap:filterable="false"/>
    <Property Name="Divsi" Type="Edm.String" MaxLength="3" sap:unicode="false" sap:label="Division Code" sap:creatable="false" sap:updatable="false" sap:sortable="false" sap:filterable="false"/>
    <Property Name="Divtx" Type="Edm.String" MaxLength="40" sap:unicode="false" sap:label="Division Text" sap:creatable="false" sap:updatable="false" sap:sortable="false" sap:filterable="false"/>
    <Property Name="Mrtsc" Type="Edm.String" MaxLength="1" sap:unicode="false" sap:label="Merit Scale" sap:creatable="false" sap:updatable="false" sap:sortable="false" sap:filterable="false"/>
    <Property Name="Lacat" Type="Edm.String" MaxLength="4" sap:unicode="false" sap:label="Labor Category" sap:creatable="false" sap:updatable="false" sap:sortable="false" sap:filterable="false"/>
    <Property Name="Lcatt" Type="Edm.String" MaxLength="40" sap:unicode="false" sap:label="Labor Category Text" sap:creatable="false" sap:updatable="false" sap:sortable="false" sap:filterable="false"/>
    <Property Name="Supid" Type="Edm.String" MaxLength="8" sap:unicode="false" sap:label="Supervisor ID" sap:creatable="false" sap:updatable="false" sap:sortable="false" sap:filterable="false"/>
    <Property Name="Supppr" Type="Edm.String" MaxLength="30" sap:unicode="false" sap:label="System ID" sap:creatable="false" sap:updatable="false" sap:sortable="false" sap:filterable="false"/>
    <Property Name="Supnm" Type="Edm.String" MaxLength="40" sap:unicode="false" sap:label="Supervisor Name" sap:creatable="false" sap:updatable="false" sap:sortable="false" sap:filterable="false"/>
    <Property Name="Nachn" Type="Edm.String" MaxLength="25" sap:unicode="false" sap:label="Last name" sap:creatable="false" sap:updatable="false" sap:sortable="false" sap:filterable="false"/>
    <Property Name="Vorna" Type="Edm.String" MaxLength="25" sap:unicode="false" sap:label="First name" sap:creatable="false" sap:updatable="false" sap:sortable="false" sap:filterable="false"/>
    <Property Name="Midnm" Type="Edm.String" MaxLength="40" sap:unicode="false" sap:label="Middle name" sap:creatable="false" sap:updatable="false" sap:sortable="false" sap:filterable="false"/>
    <Property Name="Rufnm" Type="Edm.String" MaxLength="25" sap:unicode="false" sap:label="Nickname" sap:creatable="false" sap:updatable="false" sap:sortable="false" sap:filterable="false"/>
    <Property Name="Gesch" Type="Edm.String" MaxLength="1" sap:unicode="false" sap:label="Gender" sap:creatable="false" sap:updatable="false" sap:sortable="false" sap:filterable="false"/>
    <Property Name="Perid" Type="Edm.String" MaxLength="20" sap:unicode="false" sap:label="ID number" sap:creatable="false" sap:updatable="false" sap:sortable="false" sap:filterable="false"/>
    <Property Name="Gbdat" Type="Edm.String" MaxLength="10" sap:unicode="false" sap:label="Birth date" sap:creatable="false" sap:updatable="false" sap:sortable="false" sap:filterable="false"/>
    <Property Name="Gbmon" Type="Edm.String" MaxLength="5" sap:unicode="false" sap:label="Birth Month" sap:creatable="false" sap:updatable="false" sap:sortable="false" sap:filterable="false"/>
    <Property Name="Famst" Type="Edm.String" MaxLength="1" sap:unicode="false" sap:label="Marital Stat." sap:creatable="false" sap:updatable="false" sap:sortable="false" sap:filterable="false"/>
    <Property Name="Famdt" Type="Edm.String" MaxLength="10" sap:unicode="false" sap:label="Since" sap:creatable="false" sap:updatable="false" sap:sortable="false" sap:filterable="false"/>
    <Property Name="Haddr1" Type="Edm.String" MaxLength="60" sap:unicode="false" sap:label="Street/House" sap:creatable="false" sap:updatable="false" sap:sortable="false" sap:filterable="false"/>
    <Property Name="Haddr2" Type="Edm.String" MaxLength="40" sap:unicode="false" sap:label="2nd Add.Line" sap:creatable="false" sap:updatable="false" sap:sortable="false" sap:filterable="false"/>
    <Property Name="Hcity" Type="Edm.String" MaxLength="40" sap:unicode="false" sap:label="City" sap:creatable="false" sap:updatable="false" sap:sortable="false" sap:filterable="false"/>
    <Property Name="Hstate" Type="Edm.String" MaxLength="3" sap:unicode="false" sap:label="Region" sap:creatable="false" sap:updatable="false" sap:sortable="false" sap:filterable="false"/>
    <Property Name="Hpstlz" Type="Edm.String" MaxLength="10" sap:unicode="false" sap:label="P.Code/City" sap:creatable="false" sap:updatable="false" sap:sortable="false" sap:filterable="false"/>
    <Property Name="Hland1" Type="Edm.String" MaxLength="3" sap:unicode="false" sap:label="Country" sap:creatable="false" sap:updatable="false" sap:sortable="false" sap:filterable="false"/>
    <Property Name="Htzsta" Type="Edm.String" MaxLength="3" sap:unicode="false" sap:label="Station Code" sap:creatable="false" sap:updatable="false" sap:sortable="false" sap:filterable="false"/>
    <Property Name="Iaddr1" Type="Edm.String" MaxLength="60" sap:unicode="false" sap:label="Street and House Number" sap:creatable="false" sap:updatable="false" sap:sortable="false" sap:filterable="false"/>
    <Property Name="Iaddr2" Type="Edm.String" MaxLength="40" sap:unicode="false" sap:label="2nd Address Line" sap:creatable="false" sap:updatable="false" sap:sortable="false" sap:filterable="false"/>
    <Property Name="Icity" Type="Edm.String" MaxLength="40" sap:unicode="false" sap:label="City" sap:creatable="false" sap:updatable="false" sap:sortable="false" sap:filterable="false"/>
    <Property Name="Istate" Type="Edm.String" MaxLength="3" sap:unicode="false" sap:label="Region (State, Province, County)" sap:creatable="false" sap:updatable="false" sap:sortable="false" sap:filterable="false"/>
    <Property Name="Ipstlz" Type="Edm.String" MaxLength="10" sap:unicode="false" sap:label="Postal Code" sap:creatable="false" sap:updatable="false" sap:sortable="false" sap:filterable="false"/>
    <Property Name="Iland1" Type="Edm.String" MaxLength="3" sap:unicode="false" sap:label="Country Key" sap:creatable="false" sap:updatable="false" sap:sortable="false" sap:filterable="false"/>
    <Property Name="Maddr1" Type="Edm.String" MaxLength="60" sap:unicode="false" sap:label="Street/House" sap:creatable="false" sap:updatable="false" sap:sortable="false" sap:filterable="false"/>
    <Property Name="Maddr2" Type="Edm.String" MaxLength="40" sap:unicode="false" sap:label="2nd Add.Line" sap:creatable="false" sap:updatable="false" sap:sortable="false" sap:filterable="false"/>
    <Property Name="Mcity" Type="Edm.String" MaxLength="40" sap:unicode="false" sap:label="City" sap:creatable="false" sap:updatable="false" sap:sortable="false" sap:filterable="false"/>
    <Property Name="Mstate" Type="Edm.String" MaxLength="3" sap:unicode="false" sap:label="Region" sap:creatable="false" sap:updatable="false" sap:sortable="false" sap:filterable="false"/>
    <Property Name="Mpstlz" Type="Edm.String" MaxLength="10" sap:unicode="false" sap:label="P.Code/City" sap:creatable="false" sap:updatable="false" sap:sortable="false" sap:filterable="false"/>
    <Property Name="Mland1" Type="Edm.String" MaxLength="3" sap:unicode="false" sap:label="Country" sap:creatable="false" sap:updatable="false" sap:sortable="false" sap:filterable="false"/>
    <Property Name="Pename" Type="Edm.String" MaxLength="40" sap:unicode="false" sap:label="Care Of" sap:creatable="false" sap:updatable="false" sap:sortable="false" sap:filterable="false"/>
    <Property Name="Perelat" Type="Edm.String" MaxLength="25" sap:unicode="false" sap:label="District" sap:creatable="false" sap:updatable="false" sap:sortable="false" sap:filterable="false"/>
    <Property Name="Peaddr1" Type="Edm.String" MaxLength="60" sap:unicode="false" sap:label="Street/House" sap:creatable="false" sap:updatable="false" sap:sortable="false" sap:filterable="false"/>
    <Property Name="Peaddr2" Type="Edm.String" MaxLength="40" sap:unicode="false" sap:label="2nd Add.Line" sap:creatable="false" sap:updatable="false" sap:sortable="false" sap:filterable="false"/>
    <Property Name="Pecity" Type="Edm.String" MaxLength="40" sap:unicode="false" sap:label="City" sap:creatable="false" sap:updatable="false" sap:sortable="false" sap:filterable="false"/>
    <Property Name="Pestate" Type="Edm.String" MaxLength="3" sap:unicode="false" sap:label="Region" sap:creatable="false" sap:updatable="false" sap:sortable="false" sap:filterable="false"/>
    <Property Name="Pepstlz" Type="Edm.String" MaxLength="10" sap:unicode="false" sap:label="P.Code/City" sap:creatable="false" sap:updatable="false" sap:sortable="false" sap:filterable="false"/>
    <Property Name="Peland1" Type="Edm.String" MaxLength="3" sap:unicode="false" sap:label="Country" sap:creatable="false" sap:updatable="false" sap:sortable="false" sap:filterable="false"/>
    <Property Name="Peccode" Type="Edm.String" MaxLength="4" sap:unicode="false" sap:label="Tel. Country Code" sap:creatable="false" sap:updatable="false" sap:sortable="false" sap:filterable="false"/>
    <Property Name="Petelnr" Type="Edm.String" MaxLength="14" sap:unicode="false" sap:label="Telephone No." sap:creatable="false" sap:updatable="false" sap:sortable="false" sap:filterable="false"/>
    <Property Name="Sename" Type="Edm.String" MaxLength="40" sap:unicode="false" sap:label="Care Of" sap:creatable="false" sap:updatable="false" sap:sortable="false" sap:filterable="false"/>
    <Property Name="Serelat" Type="Edm.String" MaxLength="25" sap:unicode="false" sap:label="District" sap:creatable="false" sap:updatable="false" sap:sortable="false" sap:filterable="false"/>
    <Property Name="Seaddr1" Type="Edm.String" MaxLength="60" sap:unicode="false" sap:label="Street/House" sap:creatable="false" sap:updatable="false" sap:sortable="false" sap:filterable="false"/>
    <Property Name="Seaddr2" Type="Edm.String" MaxLength="40" sap:unicode="false" sap:label="2nd Add.Line" sap:creatable="false" sap:updatable="false" sap:sortable="false" sap:filterable="false"/>
    <Property Name="Secity" Type="Edm.String" MaxLength="40" sap:unicode="false" sap:label="City" sap:creatable="false" sap:updatable="false" sap:sortable="false" sap:filterable="false"/>
    <Property Name="Sestate" Type="Edm.String" MaxLength="3" sap:unicode="false" sap:label="Region" sap:creatable="false" sap:updatable="false" sap:sortable="false" sap:filterable="false"/>
    <Property Name="Sepstlz" Type="Edm.String" MaxLength="10" sap:unicode="false" sap:label="P.Code/City" sap:creatable="false" sap:updatable="false" sap:sortable="false" sap:filterable="false"/>
    <Property Name="Seland1" Type="Edm.String" MaxLength="3" sap:unicode="false" sap:label="Country" sap:creatable="false" sap:updatable="false" sap:sortable="false" sap:filterable="false"/>
    <Property Name="Citi1" Type="Edm.String" MaxLength="3" sap:unicode="false" sap:label="Citizenship" sap:creatable="false" sap:updatable="false" sap:sortable="false" sap:filterable="false"/>
    <Property Name="Citi2" Type="Edm.String" MaxLength="3" sap:unicode="false" sap:label="Other Citiz." sap:creatable="false" sap:updatable="false" sap:sortable="false" sap:filterable="false"/>
    <Property Name="Birci" Type="Edm.String" MaxLength="25" sap:unicode="false" sap:label="City" sap:creatable="false" sap:updatable="false" sap:sortable="false" sap:filterable="false"/>
    <Property Name="Birre" Type="Edm.String" MaxLength="3" sap:unicode="false" sap:label="Region" sap:creatable="false" sap:updatable="false" sap:sortable="false" sap:filterable="false"/>
    <Property Name="Birct" Type="Edm.String" MaxLength="3" sap:unicode="false" sap:label="Country" sap:creatable="false" sap:updatable="false" sap:sortable="false" sap:filterable="false"/>
    <Property Name="Bsedt" Type="Edm.String" MaxLength="10" sap:unicode="false" sap:label="Date" sap:creatable="false" sap:updatable="false" sap:sortable="false" sap:filterable="false"/>
    <Property Name="Ohidt" Type="Edm.String" MaxLength="10" sap:unicode="false" sap:label="HIRE_DATE" sap:creatable="false" sap:updatable="false" sap:sortable="false" sap:filterable="false"/>
    <Property Name="Lhidt" Type="Edm.String" MaxLength="10" sap:unicode="false" sap:label="LHireDt" sap:creatable="false" sap:updatable="false" sap:sortable="false" sap:filterable="false"/>
    <Property Name="Accdt" Type="Edm.String" MaxLength="10" sap:unicode="false" sap:label="Accrual date" sap:creatable="false" sap:updatable="false" sap:sortable="false" sap:filterable="false"/>
    <Property Name="Peldt" Type="Edm.String" MaxLength="10" sap:unicode="false" sap:label="Pass Elgdt" sap:creatable="false" sap:updatable="false" sap:sortable="false" sap:filterable="false"/>
    <Property Name="Retdt" Type="Edm.String" MaxLength="10" sap:unicode="false" sap:label="AOW Date" sap:creatable="false" sap:updatable="false" sap:sortable="false" sap:filterable="false"/>
    <Property Name="Terdt" Type="Edm.String" MaxLength="10" sap:unicode="false" sap:label="Termination Date" sap:creatable="false" sap:updatable="false" sap:sortable="false" sap:filterable="false"/>
    <Property Name="Ldpdt" Type="Edm.String" MaxLength="10" sap:unicode="false" sap:label="Last Day Worked" sap:creatable="false" sap:updatable="false" sap:sortable="false" sap:filterable="false"/>
    <Property Name="Decdt" Type="Edm.String" MaxLength="10" sap:unicode="false" sap:label="Date" sap:creatable="false" sap:updatable="false" sap:sortable="false" sap:filterable="false"/>
    <Property Name="Loadt" Type="Edm.String" MaxLength="10" sap:unicode="false" sap:label="Leave Start Date" sap:creatable="false" sap:updatable="false" sap:sortable="false" sap:filterable="false"/>
    <Property Name="Paddt" Type="Edm.String" MaxLength="10" sap:unicode="false" sap:label="Pay Anniv Date" sap:creatable="false" sap:updatable="false" sap:sortable="false" sap:filterable="false"/>
    <Property Name="Empdt" Type="Edm.String" MaxLength="10" sap:unicode="false" sap:label="Employment Date" sap:creatable="false" sap:updatable="false" sap:sortable="false" sap:filterable="false"/>
    <Property Name="Rtwdt" Type="Edm.String" MaxLength="10" sap:unicode="false" sap:label="Return To Work Date" sap:creatable="false" sap:updatable="false" sap:sortable="false" sap:filterable="false"/>
    <Property Name="Bendt" Type="Edm.String" MaxLength="10" sap:unicode="false" sap:label="Date" sap:creatable="false" sap:updatable="false" sap:sortable="false" sap:filterable="false"/>
    <Property Name="Stfid" Type="Edm.String" MaxLength="10" sap:unicode="false" sap:label="Staff ID" sap:creatable="false" sap:updatable="false" sap:sortable="false" sap:filterable="false"/>
    <Property Name="Pprid" Type="Edm.String" MaxLength="9" sap:unicode="false" sap:label="PPR Number" sap:creatable="false" sap:updatable="false" sap:sortable="false" sap:filterable="false"/>
    <Property Name="Prfem" Type="Edm.String" MaxLength="241" sap:unicode="false" sap:label="Employee's Email" sap:creatable="false" sap:updatable="false" sap:sortable="false" sap:filterable="false"/>
    <Property Name="Perem" Type="Edm.String" MaxLength="132" sap:unicode="false" sap:label="Email" sap:creatable="false" sap:updatable="false" sap:sortable="false" sap:filterable="false"/>
    <Property Name="Wemail" Type="Edm.String" MaxLength="241" sap:unicode="false" sap:label="Employee's Email" sap:creatable="false" sap:updatable="false" sap:sortable="false" sap:filterable="false"/>
    <Property Name="Cellp" Type="Edm.String" MaxLength="30" sap:unicode="false" sap:label="Cell Phone" sap:creatable="false" sap:updatable="false" sap:sortable="false" sap:filterable="false"/>
    <Property Name="Workp" Type="Edm.String" MaxLength="20" sap:unicode="false" sap:label="Ph Number" sap:creatable="false" sap:updatable="false" sap:sortable="false" sap:filterable="false"/>
    <Property Name="Homep" Type="Edm.String" MaxLength="20" sap:unicode="false" sap:label="Home Phone" sap:creatable="false" sap:updatable="false" sap:sortable="false" sap:filterable="false"/>
    <Property Name="Oeind" Type="Edm.String" MaxLength="3" sap:unicode="false" sap:label="Corporate Function" sap:creatable="false" sap:updatable="false" sap:sortable="false" sap:filterable="false"/>
    <Property Name="Rehri" Type="Edm.String" MaxLength="3" sap:unicode="false" sap:label="Instructions" sap:creatable="false" sap:updatable="false" sap:sortable="false" sap:filterable="false"/>
    <Property Name="Racky" Type="Edm.String" MaxLength="2" sap:unicode="false" sap:label="Ethnic origin" sap:creatable="false" sap:updatable="false" sap:sortable="false" sap:filterable="false"/>
    <Property Name="Vetst" Type="Edm.String" MaxLength="1" sap:unicode="false" sap:label="Veteran status" sap:creatable="false" sap:updatable="false" sap:sortable="false" sap:filterable="false"/>
    <Property Name="Trfar" Type="Edm.String" MaxLength="2" sap:unicode="false" sap:label="Pay scale type" sap:creatable="false" sap:updatable="false" sap:sortable="false" sap:filterable="false"/>
    <Property Name="Trfgb" Type="Edm.String" MaxLength="2" sap:unicode="false" sap:label="Pay Scale Area" sap:creatable="false" sap:updatable="false" sap:sortable="false" sap:filterable="false"/>
    <Property Name="Trfgr" Type="Edm.String" MaxLength="8" sap:unicode="false" sap:label="Pay Scale Group" sap:creatable="false" sap:updatable="false" sap:sortable="false" sap:filterable="false"/>
    <Property Name="Trfst" Type="Edm.String" MaxLength="2" sap:unicode="false" sap:label="Pay Scale Level" sap:creatable="false" sap:updatable="false" sap:sortable="false" sap:filterable="false"/>
    <Property Name="Preas" Type="Edm.String" MaxLength="2" sap:unicode="false" sap:label="Offscale" sap:creatable="false" sap:updatable="false" sap:sortable="false" sap:filterable="false"/>
    <Property Name="Grade" Type="Edm.String" MaxLength="8" sap:unicode="false" sap:label="Pay grade" sap:creatable="false" sap:updatable="false" sap:sortable="false" sap:filterable="false"/>
    <Property Name="Hrate" Type="Edm.Double" sap:unicode="false" sap:label="Hourly Rate" sap:creatable="false" sap:updatable="false" sap:sortable="false" sap:filterable="false"/>
    <Property Name="Drate" Type="Edm.Double" sap:unicode="false" sap:label="Daily Rate" sap:creatable="false" sap:updatable="false" sap:sortable="false" sap:filterable="false"/>
    <Property Name="Wrate" Type="Edm.Double" sap:unicode="false" sap:label="Weekly Rate" sap:creatable="false" sap:updatable="false" sap:sortable="false" sap:filterable="false"/>
    <Property Name="Mrate" Type="Edm.Double" sap:unicode="false" sap:label="Monthly Rate" sap:creatable="false" sap:updatable="false" sap:sortable="false" sap:filterable="false"/>
    <Property Name="Arate" Type="Edm.Double" sap:unicode="false" sap:label="Annual Rate" sap:creatable="false" sap:updatable="false" sap:sortable="false" sap:filterable="false"/>
    <Property Name="Currc" Type="Edm.String" MaxLength="5" sap:unicode="false" sap:label="Currency Code" sap:creatable="false" sap:updatable="false" sap:sortable="false" sap:filterable="false"/>
    <Property Name="Arbst" Type="Edm.String" MaxLength="7" sap:unicode="false" sap:label="Daily Hours" sap:creatable="false" sap:updatable="false" sap:sortable="false" sap:filterable="false"/>
    <Property Name="Wostd" Type="Edm.String" MaxLength="7" sap:unicode="false" sap:label="Weekly Hours" sap:creatable="false" sap:updatable="false" sap:sortable="false" sap:filterable="false"/>
    <Property Name="Mostd" Type="Edm.String" MaxLength="7" sap:unicode="false" sap:label="Monthly Hours" sap:creatable="false" sap:updatable="false" sap:sortable="false" sap:filterable="false"/>
    <Property Name="Jrstd" Type="Edm.String" MaxLength="7" sap:unicode="false" sap:label="Annual Hours" sap:creatable="false" sap:updatable="false" sap:sortable="false" sap:filterable="false"/>
   </EntityType>
   <EntityType Name="DIRRPT" sap:content-version="1">
    <Key>
     <PropertyRef Name="MPPR"/>
    </Key>
    <Property Name="MPPR" Type="Edm.String" Nullable="false" sap:unicode="false" sap:creatable="false" sap:updatable="false"/>
    <Property Name="EPPR" Type="Edm.String" sap:unicode="false" sap:creatable="false" sap:updatable="false"/>
    <Property Name="FLL" Type="Edm.String" sap:unicode="false" sap:creatable="false" sap:updatable="false"/>
    <Property Name="ALL" Type="Edm.String" sap:unicode="false" sap:creatable="false" sap:updatable="false"/>
   </EntityType>
   <EntityContainer Name="ZEDM_GW_COMMON_API_SRV_Entities" m:IsDefaultEntityContainer="true" sap:supported-formats="atom json xlsx">
    <EntitySet Name="EMPDATASET" EntityType="ZEDM_GW_COMMON_API_SRV.EMPDATA" sap:creatable="false" sap:updatable="false" sap:deletable="false" sap:pageable="false" sap:addressable="false" sap:content-version="1"/>
    <EntitySet Name="EMPDATAOUTPUTSet" EntityType="ZEDM_GW_COMMON_API_SRV.EMPDATAOUTPUT" sap:creatable="false" sap:updatable="false" sap:deletable="false" sap:pageable="false" sap:content-version="1"/>
    <EntitySet Name="DIRRPTSet" EntityType="ZEDM_GW_COMMON_API_SRV.DIRRPT" sap:creatable="false" sap:updatable="false" sap:deletable="false" sap:pageable="false" sap:addressable="false" sap:content-version="1"/>
   </EntityContainer>
   <atom:link rel="self" href="http://dlthdggat.hrhec.delta.com:8000/sap/opu/odata/sap/ZEDM_GW_COMMON_API_SRV/$metadata" xmlns:atom="http://www.w3.org/2005/Atom"/>
   <atom:link rel="latest-version" href="http://dlthdggat.hrhec.delta.com:8000/sap/opu/odata/sap/ZEDM_GW_COMMON_API_SRV/$metadata" xmlns:atom="http://www.w3.org/2005/Atom"/>
  </Schema>
 </edmx:DataServices>
</edmx:Edmx>